movie_id,movie_name,mse,psnr,ssim,n
0,MultipleMoviesStim_1_tree.avi,0.026499317089716593,15.767653180627883,0.30573188066482543,120.0
1,MultipleMoviesStim_2_water.avi,0.005466889838377635,22.622596773553312,0.4552221814791361,240.0
2,MultipleMoviesStim_3_grasses.avi,0.008705928597761236,20.60184899058411,0.41361653105072355,230.0
3,MultipleMoviesStim_4_fish.avi,0.004142553281659881,23.827318969624436,0.7961802999178569,240.0
4,MultipleMoviesStim_5_opticflow.avi,0.019093364995458852,17.191175252378628,0.42829301072203596,230.0
