movie_id,movie_name,mse,psnr,ssim,n
0,MultipleMoviesStim_1_tree.avi,0.02400104912618796,16.197697741318965,0.3410934726397196,120.0
1,MultipleMoviesStim_2_water.avi,0.005110185469190279,22.91563337285214,0.4580514232317607,240.0
2,MultipleMoviesStim_3_grasses.avi,0.008313669219775045,20.802072589835497,0.4132694057796312,230.0
3,MultipleMoviesStim_4_fish.avi,0.0041890278924256565,23.778867479017975,0.8022448817888895,240.0
4,MultipleMoviesStim_5_opticflow.avi,0.017741031037724536,17.510211443136086,0.4318964079670284,230.0
