movie_id,movie_name,mse,psnr,ssim,n
0,MultipleMoviesStim_1_tree.avi,81.58316446940104,-19.116005468372304,0.2981623649597168,120.0
1,MultipleMoviesStim_2_water.avi,20.50277150472005,-13.118125716825801,0.48120205799738563,240.0
2,MultipleMoviesStim_3_grasses.avi,40.57698160807292,-16.082797381208685,0.3994767665863037,240.0
3,MultipleMoviesStim_4_fish.avi,43.23106689453125,-16.357959535695116,0.5801847616831461,240.0
4,MultipleMoviesStim_5_opticflow.avi,38.716793060302734,-15.878993772031375,0.4909622728824615,240.0
