movie_id,movie_name,mse,psnr,ssim,n
0,MultipleMoviesStim_1_tree.avi,79.3829579671224,-18.9972727755004,0.28147716919581095,120.0
1,MultipleMoviesStim_2_water.avi,20.319522603352866,-13.079135002080886,0.48083197871843975,240.0
2,MultipleMoviesStim_3_grasses.avi,40.10545374552409,-16.03203434229583,0.39889057477315265,240.0
3,MultipleMoviesStim_4_fish.avi,47.527626546223956,-16.769461268633414,0.5735836108525594,240.0
4,MultipleMoviesStim_5_opticflow.avi,35.76305338541667,-15.53434590991534,0.4932751019795736,240.0
