movie_id,movie_name,mse,psnr,ssim,n
0,MultipleMoviesStim_1_tree.avi,0.022652866691350936,16.448768307612653,0.3522227148214976,120.0
1,MultipleMoviesStim_2_water.avi,0.004784996372958024,23.201183870835663,0.46855588754018146,240.0
2,MultipleMoviesStim_3_grasses.avi,0.007974192309800697,20.983132948740064,0.4205327212810516,230.0
3,MultipleMoviesStim_4_fish.avi,0.005180899410819014,22.855948396276293,0.7729303280512492,240.0
4,MultipleMoviesStim_5_opticflow.avi,0.018911694119805877,17.232695650773245,0.43149129852004675,230.0
